{
    "name": "root",
    "gauges": {
        "bolaml.Policy.Entropy.mean": {
            "value": 1.4189382791519165,
            "min": 1.4189382791519165,
            "max": 1.4189382791519165,
            "count": 1
        },
        "bolaml.Policy.Entropy.sum": {
            "value": 17027.259765625,
            "min": 17027.259765625,
            "max": 17027.259765625,
            "count": 1
        },
        "bolaml.Environment.EpisodeLength.mean": {
            "value": 799.0,
            "min": 799.0,
            "max": 799.0,
            "count": 1
        },
        "bolaml.Environment.EpisodeLength.sum": {
            "value": 11985.0,
            "min": 11985.0,
            "max": 11985.0,
            "count": 1
        },
        "bolaml.Step.mean": {
            "value": 11200.0,
            "min": 11200.0,
            "max": 11200.0,
            "count": 1
        },
        "bolaml.Step.sum": {
            "value": 11200.0,
            "min": 11200.0,
            "max": 11200.0,
            "count": 1
        },
        "bolaml.Policy.ExtrinsicValueEstimate.mean": {
            "value": 0.0,
            "min": 0.0,
            "max": 0.0,
            "count": 1
        },
        "bolaml.Policy.ExtrinsicValueEstimate.sum": {
            "value": 0.0,
            "min": 0.0,
            "max": 0.0,
            "count": 1
        },
        "bolaml.Environment.CumulativeReward.mean": {
            "value": 2.1321414368493214,
            "min": 2.1321414368493214,
            "max": 2.1321414368493214,
            "count": 1
        },
        "bolaml.Environment.CumulativeReward.sum": {
            "value": 29.849980115890503,
            "min": 29.849980115890503,
            "max": 29.849980115890503,
            "count": 1
        },
        "bolaml.Policy.ExtrinsicReward.mean": {
            "value": 2.1321414368493214,
            "min": 2.1321414368493214,
            "max": 2.1321414368493214,
            "count": 1
        },
        "bolaml.Policy.ExtrinsicReward.sum": {
            "value": 29.849980115890503,
            "min": 29.849980115890503,
            "max": 29.849980115890503,
            "count": 1
        },
        "bolaml.IsTraining.mean": {
            "value": 1.0,
            "min": 1.0,
            "max": 1.0,
            "count": 1
        },
        "bolaml.IsTraining.sum": {
            "value": 1.0,
            "min": 1.0,
            "max": 1.0,
            "count": 1
        }
    },
    "metadata": {
        "timer_format_version": "0.1.0",
        "start_time_seconds": "1698433587",
        "python_version": "3.9.18 (main, Sep 11 2023, 14:09:26) [MSC v.1916 64 bit (AMD64)]",
        "command_line_arguments": "C:\\Users\\Alumno\\anaconda3\\envs\\cursoml02\\Scripts\\mlagents-learn trainer_config.yaml --run-id prueba05",
        "mlagents_version": "0.30.0",
        "mlagents_envs_version": "0.30.0",
        "communication_protocol_version": "1.5.0",
        "pytorch_version": "1.13.1+cu117",
        "numpy_version": "1.21.2",
        "end_time_seconds": "1698433798"
    },
    "total": 210.5416396,
    "count": 1,
    "self": 0.00682760000000826,
    "children": {
        "run_training.setup": {
            "total": 0.06601659999999998,
            "count": 1,
            "self": 0.06601659999999998
        },
        "TrainerController.start_learning": {
            "total": 210.46879539999998,
            "count": 1,
            "self": 0.4340447999993273,
            "children": {
                "TrainerController._reset_env": {
                    "total": 5.3769480000000005,
                    "count": 1,
                    "self": 5.3769480000000005
                },
                "TrainerController.advance": {
                    "total": 204.54534940000065,
                    "count": 23441,
                    "self": 0.38420890000151076,
                    "children": {
                        "env_step": {
                            "total": 196.28824969999968,
                            "count": 23441,
                            "self": 162.86632859999713,
                            "children": {
                                "SubprocessEnvManager._take_step": {
                                    "total": 33.15432910000188,
                                    "count": 23441,
                                    "self": 1.1989625000025335,
                                    "children": {
                                        "TorchPolicy.evaluate": {
                                            "total": 31.955366599999348,
                                            "count": 23441,
                                            "self": 31.955366599999348
                                        }
                                    }
                                },
                                "workers": {
                                    "total": 0.2675920000006631,
                                    "count": 23440,
                                    "self": 0.0,
                                    "children": {
                                        "worker_root": {
                                            "total": 143.01366480000013,
                                            "count": 23440,
                                            "is_parallel": true,
                                            "self": 60.65051349999973,
                                            "children": {
                                                "steps_from_proto": {
                                                    "total": 0.00023510000000026565,
                                                    "count": 1,
                                                    "is_parallel": true,
                                                    "self": 0.00010970000000032343,
                                                    "children": {
                                                        "_process_rank_one_or_two_observation": {
                                                            "total": 0.00012539999999994222,
                                                            "count": 2,
                                                            "is_parallel": true,
                                                            "self": 0.00012539999999994222
                                                        }
                                                    }
                                                },
                                                "UnityEnvironment.step": {
                                                    "total": 82.3629162000004,
                                                    "count": 23440,
                                                    "is_parallel": true,
                                                    "self": 1.6182778999997396,
                                                    "children": {
                                                        "UnityEnvironment._generate_step_input": {
                                                            "total": 1.3484703000002591,
                                                            "count": 23440,
                                                            "is_parallel": true,
                                                            "self": 1.3484703000002591
                                                        },
                                                        "communicator.exchange": {
                                                            "total": 73.67226730000044,
                                                            "count": 23440,
                                                            "is_parallel": true,
                                                            "self": 73.67226730000044
                                                        },